<?xml version="1.0" encoding="UTF-8"?>
<ruleset xmlns="http://pmd.sourceforge.net/ruleset/2.0.0" xmlns:xsi="http://www.w3.org/2001/XMLSchema-instance"
    xsi:schemaLocation="http://pmd.sourceforge.net/ruleset/2.0.0 http://pmd.sourceforge.net/ruleset_2_0_0.xsd"
    name="CSCOAP PMD Rules">

    <description>PMD rules for CSCOAP at GSI Java Applications</description>

    <!-- see https://pmd.github.io/pmd-6.3.0/pmd_rules_java.html -->
    <!-- tested with pmd-6.3.0 -->

    <!-- exclude files that are generated -->
    <exclude-pattern>.*\/generated-sources\/.*</exclude-pattern>
    <!-- excludes tests -->
    <exclude-pattern>.*\/src\/test\/.*</exclude-pattern>
    <!-- excludes target -->
    <exclude-pattern>.*\/target\/.*</exclude-pattern>

    <rule ref="category/java/bestpractices.xml">
    	<exclude name="SystemPrintln"/> <!-- system out only tolerated for example sub-project -->
        <exclude name="GuardLogStatement"/>
        <exclude name="JUnitTestContainsTooManyAsserts"/>
        <exclude name="UseVarargs"/>
    </rule>
    <rule ref="category/java/bestpractices.xml/JUnitTestContainsTooManyAsserts">
        <properties>
            <property name="maximumAsserts" value="10"/>
        </properties>
    </rule>
    <rule ref="rulesets/java/j2ee.xml">
        <!--Rule disabled - This is not a J2EE project.-->
        <exclude name="DoNotUseThreads"/>
        <exclude name="DoNotCallSystemExit"/>
    </rule>
    <rule ref="category/java/codestyle.xml">
        <exclude name="AtLeastOneConstructor"/>
        <exclude name="AvoidFinalLocalVariable"/>
        <exclude name="LocalVariableCouldBeFinal"/>
        <exclude name="LongVariable"/>
        <exclude name="MethodArgumentCouldBeFinal"/>
        <exclude name="OnlyOneReturn"/>
        <exclude name="PackageCase"/>
        <exclude name="PrematureDeclaration"/>
        <exclude name="ShortVariable"/>
        <exclude name="ShortClassName"/>
        <exclude name="UnnecessaryLocalBeforeReturn"/>
        <exclude name="UselessParentheses"/>
    </rule>
    <rule ref="category/java/codestyle.xml/PrematureDeclaration">
        <properties>
            <property name="violationSuppressRegex" value=".*MakeRule.*"/>
        </properties>
    </rule>

    <rule ref="category/java/design.xml">        
        <exclude name="LawOfDemeter"/>
        <exclude name="CyclomaticComplexity"/>
        <exclude name="StdCyclomaticComplexity"/> <!-- deprecated, will be removed in 7.0.0 -->
    </rule>

    <rule ref="category/java/documentation.xml">
        <exclude name="CommentRequired"/>
    </rule>
    <rule ref="category/java/documentation.xml/CommentSize">
        <properties>
            <property name="maxLines" value="20"/>
            <property name="maxLineLength" value="120"/>
        </properties>
    </rule>

    <rule ref="category/java/errorprone.xml">    	
        <exclude name="AssignmentInOperand"/>
        <exclude name="AvoidLiteralsInIfCondition"/>
        <exclude name="DataflowAnomalyAnalysis"/>
        <exclude name="EmptyCatchBlock"/>
        <exclude name="NonStaticInitializer"/>
        <!--  suppressed since implementation is erroneous and also for the vast majority of non-serialisable classes -->
        <exclude name="BeanMembersShouldSerialize"/> 
    </rule>
    <rule ref="category/java/errorprone.xml/AssignmentInOperand">
        <properties>
            <property name="allowIncrementDecrement" value="true"/>
            <property name="allowWhile" value="true"/>
        </properties>
    </rule>
    <rule  ref="category/java/errorprone.xml/AvoidLiteralsInIfCondition">
        <properties>
            <property name="ignoreMagicNumbers" value="-1,0,1,2,-1.0,0.0,1.0,2.0"/>
        </properties>
    </rule>
    <rule ref="category/java/errorprone.xml/EmptyCatchBlock">
        <properties>
            <property name="allowCommentedBlocks" value="true"/>
        </properties>
    </rule>

    <rule ref="category/java/multithreading.xml"/>

    <rule ref="category/java/performance.xml">
        <exclude name="AvoidInstantiatingObjectsInLoops"/>
        <exclude name="SimplifyStartsWith"/>
    </rule>
    <rule ref="category/java/performance.xml/AvoidInstantiatingObjectsInLoops">
        <priority>5</priority>
    </rule>
</ruleset>
